{
    "name": "basement_sensor",
    "unc_ang": 0,
    "unc_shift": 1,
    "unc_span": 0.3,
    "e_range": 18,
    "s_range": 3,
    "laser_timestep": 0.000035,
    "rTc": [
        [
            0.9985847,
            -0.00290974,
            -0.05310554,
            -0.06496676
        ],
        [
            0.00188748,
            0.9998122,
            -0.01928954,
            -0.00363944
        ],
        [
            0.05315169,
            0.01916201,
            0.9984026,
            -0.11210869
        ],
        [
            0,
            0,
            0,
            1
        ]
    ],
    "size_rgb": [
        320,
        256
    ],
    "expand_A": 128,
    "expand_B": 128,
    "lTc": [
        [
            0.999998660642566,
            -0.001633815794167618,
            0.0000012624935166435589,
            0.19989228458449756
        ],
        [
            0.001633815794167618,
            0.9999974722179782,
            -0.0015454518952038837,
            0.00034823987032651596
        ],
        [
            0.0000012624935166435595,
            0.0015454518952038839,
            0.9999988015754122,
            -0.014010022846647934
        ],
        [
            0,
            0,
            0,
            1
        ]
    ],
    "laser_fov": 40,
    "size_lc": [
        512,
        640
    ],
    "dist_lc": [
        -0.033918,
        0.027494,
        -0.001691,
        -0.001078,
        0
    ],
    "q_power": 1,
    "dist_rgb": [
        0,
        0,
        0,
        0,
        0
    ],
    "N": 64,
    "intr_lc": [
        [
            446.537,
            0,
            262.073
        ],
        [
            0,
            446.589,
            323.383
        ],
        [
            0,
            0,
            1
        ]
    ],
    "intr_rgb": [
        [
            189.3673075,
            0,
            184.471915
        ],
        [
            0,
            189.3673075,
            131.7250825
        ],
        [
            0,
            0,
            1
        ]
    ],
    "left_2_right": [
        [
            1,
            0,
            0,
            -0.7454813445
        ],
        [
            0,
            1,
            0,
            0
        ],
        [
            0,
            0,
            1,
            0
        ],
        [
            0,
            0,
            0,
            1
        ]
    ]
}